{"cameraMode":{"drawMode":0,"name":"Shaded","section":"Shading Mode"},"sceneLighting":true,"audioPlay":false,"sceneViewState":{"showFog":true,"showMaterialUpdate":false,"showSkybox":true,"showFlares":true,"showImageEffects":true,"showParticleSystems":true,"showVisualEffectGraphs":true,"m_FxEnabled":true},"in2DMode":false,"pivot":{"x":31.315847396850587,"y":2.907432794570923,"z":13.380108833312989},"rotation":{"x":-0.022352270781993867,"y":0.8058580160140991,"z":-0.030483543872833253,"w":-0.5909010767936707},"size":4.524171829223633,"orthographic":false}