{"cameraMode":{"drawMode":0,"name":"Shaded","section":"Shading Mode"},"sceneLighting":false,"audioPlay":false,"sceneViewState":{"showFog":true,"showMaterialUpdate":false,"showSkybox":false,"showFlares":true,"showImageEffects":true,"showParticleSystems":true,"showVisualEffectGraphs":true,"m_FxEnabled":true},"in2DMode":false,"pivot":{"x":-1.7402230501174927,"y":0.6000523567199707,"z":2.465578556060791},"rotation":{"x":-0.24053192138671876,"y":0.18984094262123109,"z":-0.04803159832954407,"w":-0.9506823420524597},"size":0.39046889543533327,"orthographic":false}